LDA k,Misclassification Rate
2,0.35773338965662904
3,0.4754691931687889
4,0.5977913221893669
